Year,Value
2017,14.10526976
2013,23.237333800000002
