Year,Value
1990,70.15763755
1991,76.44893315
1992,48.39079470000001
1993,51.41228584
1994,60.16904589
1995,67.15994511
1996,59.27191378
1997,59.84568276
1998,64.2411594
1999,62.46618749
2000,63.93004932
2001,71.19954731
2002,79.71179801
2003,73.72820397
2004,72.42193692
2005,77.45939659999999
2006,63.77265088
2007,64.03591082
2008,59.93758187
2009,67.41293156
2010,67.03506336
2011,86.94595276
2012,74.04295702
2013,68.20843826
2014,74.87381614
2015,76.06042447
2016,63.64287251
2017,76.87277654
