Year,Value
2010,79.7986481170201
2011,59.765294551737796
2012,58.3199127227388
2013,56.6017387841784
2014,47.5207187130023
2015,43.5096848800231
