Year,Geagraphy,Value
2014,,18.38034392
2014,W estern Region,16.05501133
2014,Central Region,19.27804461
2014,Greater Accra Region,14.57014361
2014,Volta Region,21.44325435
2014,Eastern Region,19.45860662
2014,Ashanti Region,22.93047307
2014,Brong Ahafo Region,18.83069217
2014,Northern Region,23.80490597
2014,Upper East Region,21.72170048
2014,Upper West Region,23.90955073
